{
  "scale_": [
    1050.1747997786304,
    18583.298289409082,
    0.9562477188660681,
    22.41330438135686,
    39.95021152556772,
    930.1373764530432,
    0.7062084635974032,
    0.7066057724510557,
    0.6984937878353793,
    0.704626187860197,
    0.7012836856644739,
    0.7126158391562076
  ],
  "mean_": [
    -55.32224570542011,
    10988.769654640531,
    0.8356984809780239,
    18.882569308112902,
    29.249617410188314,
    -30.036298041209236,
    -0.015077104786798407,
    0.04183980393704556,
    -0.11395149873715725,
    0.051219329091137314,
    -0.014367843721624815,
    0.013169019376431772
  ],
  "var_": [
    1102867.1100900862,
    345338975.3131545,
    0.9144096998365587,
    502.3562132913505,
    1596.0194009376035,
    865155.5390749502,
    0.4987303940566047,
    0.4992917176611531,
    0.4878935716446159,
    0.4964980646183937,
    0.49179880777914853,
    0.5078213342163059
  ],
  "n_samples_seen_": 8705799
}